"","Timestamp","DOI","City_GeoIP"
"1","2017-06-26 21:46:59","10.1002/14651858.CD003392.pub2","Boucherville"
"2","2017-09-07 22:58:24","10.1080/14786430601032386","Toronto"
"3","2017-05-02 09:59:00","10.1021/la501330j","Toronto"
"4","2017-07-09 09:07:20","10.1063/1.4913415","Toronto"
"5","2017-05-03 08:40:56","10.1021/jp809992g","Toronto"
"6","2017-05-03 22:11:34","10.1021/ja025109g","Toronto"
"7","2017-08-16 06:15:30","10.1093/beheco/arx008","Squamish"
"8","2017-05-02 22:49:11","10.1039/C6RA18897D","Toronto"
"9","2017-05-03 13:26:15","10.1021/jp809992g","Toronto"
"10","2017-10-02 12:04:30","10.1016/S0014-2999(96)00714-5","Toronto"
"11","2017-05-04 02:00:16","10.1111/j.1365-2648.2007.04553.x","Toronto"
"12","2017-06-19 20:39:55","10.1175/JCLI-D-16-0526.1","Richmond Hill"
"13","2017-08-06 23:52:17","10.1103/PhysRevB.89.144414","Toronto"
"14","2017-07-09 08:57:02","10.1063/1.4913415","Toronto"
"15","2017-10-01 12:58:40","10.1021/jp971945e","Toronto"
"16","2017-05-03 13:07:57","10.1149/1.2069301","Toronto"
"17","2017-03-17 03:03:57","10.1046/j.1439-0442.2001.00393.x","Toronto"
"18","2017-05-03 11:30:33","10.1149/1.2069301","Toronto"
"19","2017-05-02 23:25:49","10.1039/C6RA18897D","Toronto"
"20","2017-05-03 12:18:36","10.1149/1.2069301","Toronto"
"21","2017-01-23 23:12:29","10.2979/vic.2010.52.2.337","Toronto"
"22","2017-07-09 08:52:04","10.1063/1.4942393","Toronto"
"23","2017-05-03 21:33:23","10.1021/cm301772p","Toronto"
"24","2017-05-03 06:44:51","10.1021/jp809992g","Toronto"
"25","2017-07-09 09:10:19","10.1063/1.4913415","Toronto"
"26","2017-05-03 20:41:07","10.1002/anie.201605430","Toronto"
"27","2017-05-02 22:09:44","10.1039/C6RA18897D","Toronto"
"28","2017-05-03 21:34:09","10.1021/cm301772p","Toronto"
"29","2017-05-03 07:16:10","10.1021/jp809992g","Toronto"
"30","2017-07-12 20:23:46","10.1126/science.aaa9092","Saguenay"
"31","2017-07-03 06:51:45","10.1093/beheco/arx008","Squamish"
"32","2017-03-10 19:58:57","10.2307/1225645","Montréal"
"33","2017-09-07 20:58:23","10.1111/j.1467-8535.2010.01102.x","Toronto"
"34","2017-07-07 06:52:41","10.1161/CIRCULATIONAHA.107.720300","Vancouver"
"35","2017-01-15 19:44:09","10.1161/CIRCULATIONAHA.107.720300","Toronto"
"36","2017-04-06 03:11:31","10.1103/PhysRevLett.98.068103","Lethbridge"
"37","2017-09-05 06:25:45","10.1176/appi.ajp.2016.15081035","Perth"
"38","2017-09-07 12:04:28","10.1016/S0016-0032(40)91010-9","Toronto"
"39","2017-09-22 17:00:29","10.1145/954587.954588","Waterloo"
"40","2017-09-07 17:26:27","10.1246/cl.1983.1897","Toronto"
"41","2017-02-08 22:32:03","10.3233/BMR-150500","Trail"
"42","2017-06-16 20:34:33","10.2307/3517003","Richmond"
"43","2017-05-02 11:33:54","10.1021/la5004484","Toronto"
"44","2017-09-07 22:45:01","10.1080/14786430601032386","Mississauga"
"45","2017-09-01 02:25:54","10.1093/beheco/arx008","Squamish"
"46","2017-02-13 16:42:47","10.1038/nature18309","Toronto"
"47","2017-05-03 13:31:35","10.1021/jp809992g","Toronto"
"48","2017-09-30 10:46:39","10.1246/cl.1997.703","Toronto"
"49","2017-02-28 06:40:44","10.1525/rep.2009.108.1.1","Montréal"
"50","2017-05-02 09:12:01","10.1021/la501183f","Toronto"
"51","2017-08-08 08:44:50","10.1037/0003-066X.60.6.581","Edmonton"
"52","2017-05-03 05:16:00","10.1021/jp809992g","Toronto"
"53","2017-03-26 03:28:03","10.2307/1547968","Toronto"
"54","2017-07-13 04:02:47","10.1093/beheco/arx008","Squamish"
"55","2017-05-03 15:28:06","10.1021/jp809992g","Toronto"
"56","2017-06-07 21:26:31","10.1007/s11191-013-9647-9","Toronto"
"57","2017-05-03 10:15:52","10.1021/jp809992g","Toronto"
"58","2017-08-12 23:18:51","10.1002/pen.760280404","Toronto"
"59","2017-05-03 21:56:28","10.1002/anie.201605430","Toronto"
"60","2017-07-09 08:58:44","10.1063/1.4913415","Toronto"
"61","2017-09-11 16:13:22","10.1246/cl.1986.369","Toronto"
"62","2017-03-26 08:33:50","10.2307/1547968","Calgary"
"63","2017-05-18 23:46:29","10.1177/0013164495055005017","Toronto"
"64","2017-03-09 16:44:06","10.1038/nature18309","Toronto"
"65","2017-08-30 15:13:59","10.1145/954587.954588","Montréal"
"66","2017-06-02 03:43:38","10.1002/wcc.81","Orillia"
"67","2017-08-20 23:07:44","10.1093/beheco/arx008","Squamish"
"68","2017-09-12 01:16:26","10.1246/bcsj.49.2384","Saint-Quentin"
"69","2017-05-03 22:33:04","10.1002/anie.201605430","Toronto"
"70","2017-02-25 03:54:01","10.1016/S2214-109X(16)30188-7","Coquitlam"
"71","2017-03-12 18:19:44","10.1038/nature18309","Toronto"
"72","2017-01-23 22:23:05","10.2307/1917139","Toronto"
"73","2017-09-29 16:50:48","10.1021/jp055225g","Saint-Quentin"
"74","2017-07-24 04:10:53","10.1126/science.aaa9092","Beaconsfield"
"75","2017-09-12 05:09:29","10.1246/bcsj.49.2384","Toronto"
"76","2017-05-02 22:23:49","10.1039/C6RA18897D","Toronto"
"77","2017-01-01 00:38:13","10.1525/rep.2009.108.1.76","Mont-Tremblant"
"78","2017-05-03 12:01:09","10.1021/jp809992g","Mississauga"
"79","2017-05-03 14:00:35","10.1021/jp809992g","Toronto"
"80","2017-07-07 18:28:34","10.1149/1.1912018","Calgary"
"81","2017-11-30 19:58:00","10.1139/f71-253","Baie-Comeau"
"82","2017-08-16 18:44:57","10.1001/jama.1957.02980290001001","Martensville"
"83","2017-06-15 00:47:57","10.1007/s10934-017-0373-6","Toronto"
"84","2017-10-02 00:21:15","10.1162/isec.23.3.43","Montréal"
"85","2017-09-30 11:05:14","10.1246/bcsj.62.2307","Toronto"
"86","2017-02-26 20:57:29","10.1525/rep.2009.108.1.1","Montréal"
"87","2017-05-03 23:11:18","10.1149/1.2430313","Toronto"
"88","2017-08-12 23:44:19","10.1126/science.128.3326.691","Toronto"
"89","2017-01-27 19:23:54","10.3233/BMR-150500","Trail"
"90","2017-09-18 11:57:14","10.1016/S0014-2999(96)00714-5","Toronto"
"91","2017-01-23 23:31:28","10.2307/1918842","Toronto"
"92","2017-05-19 00:22:51","10.1177/0013164495055005017","Toronto"
"93","2017-08-29 19:05:21","10.1021/jp9813342","Temiskaming Shores"
"94","2017-05-22 15:56:25","10.1126/science.aaa9092","Beaconsfield"
"95","2017-09-14 05:47:29","10.1162/isec.23.3.43","Montréal"
"96","2017-05-18 07:41:38","10.1002/dap.30253","Toronto"
"97","2017-05-02 23:26:16","10.1039/C6RA18897D","Toronto"
"98","2017-08-06 03:50:56","10.1093/beheco/arx008","Squamish"
"99","2017-08-06 22:40:06","10.1021/j100139a032","Toronto"
"100","2017-09-07 06:23:13","10.1016/0009-2509(81)80026-7","Toronto"
"101","2017-03-01 02:19:16","10.1023/A:1021369327584","Vancouver"
"102","2017-02-22 01:48:19","10.1038/nmeth.1515","Toronto"
"103","2017-05-03 19:58:12","10.1002/anie.201605430","Toronto"
"104","2017-06-22 00:28:50","10.1137/120867366","Toronto"
"105","2017-05-04 18:31:48","10.1111/hypa.12327","Chestermere"
"106","2017-05-03 12:29:09","10.1021/jp809992g","Toronto"
"107","2017-01-31 16:50:30","10.1161/CIRCULATIONAHA.107.720300","Toronto"
"108","2017-07-22 23:41:00","10.1017/S0033291715002317","Toronto"
"109","2017-09-07 09:23:00","10.1002/macp.201090020","Toronto"
"110","2017-05-03 13:31:50","10.1021/jp809992g","Mississauga"
"111","2017-07-29 12:17:29","10.1175/JCLI-D-16-0526.1","Calgary"
"112","2017-05-03 14:51:43","10.1021/jp809992g","Saint-Quentin"
"113","2017-01-01 14:48:46","10.1161/CIRCULATIONAHA.107.720300","Toronto"
"114","2017-05-02 11:32:37","10.1021/la5004484","Toronto"
"115","2017-04-30 01:06:38","10.2136/sssaj1995.03615995005900050039x","Dutch Brook"
"116","2017-08-30 13:17:00","10.1145/954587.954588","Toronto"
"117","2017-06-07 01:18:55","10.1006/gcen.1994.1160","Baddeck"
"118","2017-07-29 05:38:18","10.1080/13691058.2016.1191675","Toronto"
"119","2017-05-13 21:21:13","10.1074/jbc.R300017200","Toronto"
"120","2017-02-25 05:32:23","10.1016/S2214-109X(16)30188-7","Montreal"
"121","2017-06-24 16:27:17","10.1086/302365","Toronto"
"122","2017-03-13 21:28:27","10.1080/09581596.2014.904039","Hamilton"
"123","2017-05-03 23:28:26","10.1149/1.2430313","Toronto"
"124","2017-06-24 23:36:15","10.1126/science.aaa9092","Beaconsfield"
"125","2017-09-13 06:22:03","10.1177/109467059800100102","Whistler"
"126","2017-05-02 18:01:23","10.1038/nature18309","Toronto"
"127","2017-05-19 16:49:20","10.1046/j.1439-0442.2001.00393.x","Toronto"
"128","2017-05-03 06:43:42","10.1021/jp809992g","Toronto"
"129","2017-05-18 01:13:22","10.1002/dap.30253","Saint-Quentin"
"130","2017-09-13 15:31:20","10.1038/nrmicro3028","Sydney"
"131","2017-05-18 04:42:28","10.1002/dap.30253","Toronto"
"132","2017-07-25 20:55:53","10.1093/beheco/arx008","Squamish"
"133","2017-05-15 18:14:57","10.1038/srep44170","Toronto"
"134","2017-05-02 09:27:13","10.1021/la501531g","Toronto"
"135","2017-06-15 05:55:04","10.1093/beheco/arx008","Squamish"
"136","2017-05-10 14:53:58","10.1177/0013164495055005017","Halifax"
"137","2017-06-26 21:59:07","10.1001/jama.1957.02980290001001","Calgary"
"138","2017-06-16 08:09:36","10.1093/beheco/arx008","Squamish"
"139","2017-07-12 23:37:04","10.1126/science.aaa9092","Beaconsfield"
"140","2017-05-02 08:01:16","10.1021/la500161e","Toronto"
"141","2017-07-01 05:00:39","10.1007/s11191-013-9647-9","Toronto"
"142","2017-05-03 07:41:14","10.1021/jp809992g","Toronto"
"143","2017-09-07 16:10:59","10.1063/1.107646","Toronto"
"144","2017-07-09 09:32:26","10.1063/1.4913415","Toronto"
"145","2017-05-03 10:52:24","10.1021/jp809992g","Toronto"
"146","2017-09-09 23:01:18","10.1093/beheco/arx008","Squamish"
"147","2017-06-05 20:03:21","10.1149/1.1592373","Calgary"
"148","2017-01-24 14:28:48","10.2979/jfolkrese.51.2.125","Toronto"
"149","2017-08-24 16:09:55","10.1038/nri.2015.9","Saint-Quentin"
"150","2017-05-02 22:49:43","10.1039/C6RA18897D","Toronto"
"151","2017-08-09 04:24:49","10.2337/diacare.21.12.2191","Vancouver"
"152","2017-05-30 20:52:24","10.1080/14616700802114217","Montréal"
"153","2017-09-09 23:46:23","10.1145/954587.954588","Kitchener"
"154","2017-05-18 05:57:10","10.1002/dap.30253","Toronto"
"155","2017-01-12 00:58:21","10.1073/pnas.0903485106","Toronto"
"156","2017-06-06 19:00:26","10.1093/beheco/arx008","Squamish"
"157","2017-05-26 23:47:25","10.1126/science.aaa9092","Saguenay"
"158","2017-08-08 03:51:42","10.1037/0003-066X.60.6.581","St. Albert"
"159","2017-06-19 23:33:28","10.1002/14651858.CD003392.pub2","Boucherville"
"160","2017-01-23 23:26:36","10.2979/vic.2010.52.4.651","Toronto"
"161","2017-05-03 03:12:13","10.1149/1.2069301","Toronto"
"162","2017-09-18 10:32:41","10.1016/S0014-2999(96)00714-5","Toronto"
"163","2017-05-03 14:21:58","10.1149/1.2069301","Toronto"
"164","2017-09-12 01:41:03","10.1002/pen.24509","Toronto"
"165","2017-03-24 01:24:20","10.1016/0026-0495(88)90167-9","Toronto"
"166","2017-06-19 19:59:57","10.1126/science.aaa9092","Saguenay"
"167","2017-07-24 11:40:59","10.1525/rep.2009.108.1.1","Toronto"
"168","2017-09-07 15:25:24","10.1021/j100552a012","Toronto"
"169","2017-05-04 00:38:28","10.1149/1.2430313","Toronto"
"170","2017-05-02 09:59:27","10.1021/la501330j","Toronto"
"171","2017-05-04 00:09:03","10.1149/1.2430313","Ajax"
"172","2017-04-30 17:52:39","10.1023/A:1026324703410","Toronto"
"173","2017-03-15 17:35:42","10.1056/NEJMoa1600869","Toronto"
"174","2017-07-09 06:25:42","10.1126/science.6879179","Toronto"
"175","2017-02-28 05:07:05","10.1002/14651858.CD003392.pub2","Boucherville"
"176","2017-05-02 23:46:33","10.1149/1.2085905","Toronto"
"177","2017-08-06 20:52:51","10.1021/j100139a032","Toronto"
"178","2017-10-06 03:37:40","10.1126/science.aaa9092","Montréal"
"179","2017-02-19 16:48:00","10.1080/14616700802114217","Montréal"
"180","2017-07-09 08:32:51","10.1021/j150610a026","Toronto"
"181","2017-07-09 10:08:54","10.1002/sia.6139","Toronto"
"182","2017-05-03 10:40:35","10.1149/1.2069301","Toronto"
"183","2017-08-25 20:07:31","10.1145/954587.954588","Guelph"
"184","2017-08-21 18:34:43","10.1093/beheco/arx008","Squamish"
"185","2017-05-03 11:38:06","10.1021/jp809992g","Toronto"
"186","2017-09-07 13:33:59","10.1080/14786430601032386","Toronto"
"187","2017-07-12 04:26:38","10.1093/beheco/arx008","Squamish"
"188","2017-02-19 08:41:26","10.1080/14616700802114217","Montréal"
"189","2017-07-02 21:13:23","10.1002/sia.6139","Toronto"
"190","2017-05-02 23:42:48","10.1021/jp501892x","Toronto"
"191","2017-05-03 11:42:52","10.1149/1.2069301","Toronto"
"192","2017-05-03 21:13:08","10.1021/ja025109g","Toronto"
"193","2017-05-03 19:19:33","10.1002/anie.201605430","Toronto"
"194","2017-01-23 23:25:31","10.2979/vic.2010.52.4.651","Toronto"
"195","2017-09-07 15:27:34","10.1021/j100552a012","Toronto"
"196","2017-01-24 11:32:36","10.2979/jfolkrese.51.2.125","Toronto"
"197","2017-08-21 22:41:46","10.1080/14616700802114217","Toronto"
"198","2017-03-26 03:54:03","10.2307/1547968","Kitchener"
"199","2017-08-06 22:45:21","10.1063/1.2123369","Toronto"
"200","2017-03-16 19:11:03","10.1056/NEJMoa1600869","Toronto"
"201","2017-05-03 21:48:42","10.1002/anie.201605430","Ajax"
"202","2017-03-30 21:04:36","10.1103/PhysRevLett.98.068103","Lethbridge"
"203","2017-05-03 09:23:34","10.1021/jp809992g","Toronto"
"204","2017-05-02 22:28:46","10.1039/b509555g","Toronto"
"205","2017-05-13 08:45:21","10.1038/nchembio.2188","Cayuga"
"206","2017-10-01 14:52:42","10.1021/jp9813342","Toronto"
"207","2017-05-02 23:54:47","10.1021/jp501892x","Toronto"
"208","2017-05-04 20:25:25","10.1111/hypa.12327","Montreal"
"209","2017-08-06 04:52:09","10.1093/beheco/arx008","Squamish"
"210","2017-09-07 16:50:25","10.1103/PhysRevB.85.014503","Toronto"
"211","2017-08-21 21:48:54","10.1093/beheco/arx008","Squamish"
"212","2017-07-17 00:42:22","10.1002/14651858.CD003392.pub2","Kirkland"
"213","2017-07-06 03:37:55","10.1007/s11191-013-9647-9","Toronto"
"214","2017-03-26 03:00:42","10.2307/1547968","Ottawa"
"215","2017-05-03 10:23:52","10.1021/jp809992g","Toronto"
"216","2017-01-31 20:55:10","10.1006/gcen.1994.1160","Moncton"
"217","2017-05-18 02:42:09","10.1002/dap.30253","Toronto"
"218","2017-05-02 11:33:03","10.1021/la5004484","Toronto"
"219","2017-05-03 19:52:23","10.1002/anie.201605430","Ajax"
"220","2017-05-16 17:58:15","10.1016/0378-7753(93)01835-6","Trois-Rivières"
"221","2017-05-03 19:26:52","10.1002/anie.201605430","Toronto"
"222","2017-08-09 18:05:20","10.1038/ni.2032","Toronto"
"223","2017-08-24 16:09:54","10.1038/ni.2032","Saint-Quentin"
"224","2017-05-03 14:51:16","10.1021/jp809992g","Ajax"
"225","2017-06-07 01:45:34","10.1007/s11191-013-9647-9","Toronto"
"226","2017-05-03 10:10:20","10.1021/jp809992g","Toronto"
"227","2017-07-27 02:12:18","10.1002/14651858.CD003392.pub2","Kirkland"
"228","2017-07-15 10:25:08","10.2307/3517003","Richmond"
"229","2017-05-20 19:08:19","10.1126/science.aaa9092","Beaconsfield"
"230","2017-10-01 06:50:47","10.1021/jp051004z","Toronto"
"231","2017-08-11 23:18:18","10.1126/science.128.3326.691","Toronto"
"232","2017-08-06 23:39:40","10.1103/PhysRevB.84.184529","Toronto"
"233","2017-01-23 23:25:44","10.2979/vic.2010.52.4.651","Toronto"
"234","2017-08-06 22:43:55","10.1063/1.2123369","Toronto"
"235","2017-09-27 23:53:16","10.1080/15411796.2017.1297620","Toronto"
"236","2017-08-25 01:40:44","10.1093/beheco/arx008","Squamish"
"237","2017-05-18 07:42:26","10.1002/dap.30253","Toronto"
"238","2017-01-06 00:48:18","10.1525/rep.2009.108.1.1","Montréal"
"239","2017-05-02 12:35:39","10.1021/la501287v","Toronto"
"240","2017-07-22 23:41:09","10.1017/S0033291715002317","Petrolia"
"241","2017-09-07 20:37:53","10.1126/science.9.223.511","Toronto"
"242","2017-05-18 07:01:27","10.1002/dap.30253","Toronto"
"243","2017-05-08 05:05:47","10.1177/0269881110379283","Timmins"
"244","2017-06-07 02:21:28","10.1007/s11191-013-9647-9","Toronto"
"245","2017-03-27 17:59:46","10.2307/488622","Montréal"
"246","2017-09-07 20:48:09","10.1016/0009-2509(81)80026-7","Toronto"
"247","2017-05-13 19:52:04","10.1126/science.aaa9092","Beaconsfield"
"248","2017-05-05 04:01:16","10.1111/hypa.12327","Kingston"
"249","2017-08-06 23:46:37","10.1103/PhysRevB.84.184529","Toronto"
"250","2017-05-23 22:44:55","10.1126/science.aaa9092","Saguenay"
"251","2017-05-03 11:57:23","10.1021/jp809992g","Toronto"
"252","2017-05-18 01:58:31","10.1002/dap.30253","Toronto"
"253","2017-05-03 22:36:28","10.1021/ja025109g","Toronto"
"254","2017-05-03 13:20:54","10.1021/jp809992g","Toronto"
"255","2017-09-05 03:53:39","10.1093/beheco/arx008","Vancouver"
"256","2017-05-18 03:05:40","10.1002/dap.30253","Toronto"
"257","2017-04-05 22:46:45","10.1016/0005-1098(78)90088-2","Trois-Rivières"
"258","2017-08-22 00:02:01","10.1093/beheco/arx008","Squamish"
"259","2017-01-11 18:28:14","10.1073/pnas.0903485106","Toronto"
"260","2017-08-23 03:18:40","10.1111/j.1365-2648.2007.04553.x","Bracebridge"
"261","2017-09-20 01:15:59","10.1246/cl.1986.369","Toronto"
"262","2017-05-02 10:43:37","10.1021/la5012499","Toronto"
"263","2017-05-24 14:50:19","10.1161/CIRCULATIONAHA.107.720300","Toronto"
"264","2017-05-03 11:06:48","10.1021/jp809992g","Toronto"
"265","2017-03-12 22:35:16","10.1080/09581596.2014.904039","Hamilton"
"266","2017-07-27 02:03:26","10.1126/science.aaa9092","Beaconsfield"
"267","2017-05-03 03:00:21","10.1149/1.2069301","Toronto"
"268","2017-05-03 10:51:44","10.1021/jp809992g","Toronto"
"269","2017-05-03 02:36:17","10.1149/1.2069301","Toronto"
"270","2017-07-27 00:32:17","10.1002/14651858.CD003392.pub2","Kirkland"
"271","2017-05-03 05:50:26","10.1021/jp809992g","Toronto"
"272","2017-05-02 07:26:06","10.1021/la501629n","Toronto"
"273","2017-05-18 07:41:20","10.1002/dap.30253","Toronto"
"274","2017-04-03 02:56:14","10.1067/mhl.2002.122821","Toronto"
"275","2017-03-14 07:15:26","10.1080/14616700802114217","Montréal"
"276","2017-01-27 15:53:43","10.1161/CIRCULATIONAHA.107.720300","Toronto"
"277","2017-05-05 17:10:01","10.1073/pnas.0903485106","Toronto"
"278","2017-08-06 23:37:06","10.1103/PhysRevB.84.184529","Toronto"
"279","2017-09-14 01:45:57","10.1093/beheco/arx008","Squamish"
"280","2017-05-02 10:30:03","10.1021/la501330j","Toronto"
"281","2017-05-03 05:26:23","10.1021/jp809992g","Toronto"
"282","2017-03-29 19:48:28","10.2307/488622","Montréal"
"283","2017-06-07 21:07:19","10.1175/JCLI-D-16-0526.1","Richmond Hill"
"284","2017-11-16 20:03:45","10.1093/beheco/arx008","Whistler"
"285","2017-03-02 00:48:54","10.2989/SALALS.2008.26.2.8.572","Vancouver"
"286","2017-09-07 16:03:59","10.1063/1.107646","Toronto"
"287","2017-09-07 16:31:12","10.1063/1.107646","Toronto"
"288","2017-07-09 07:46:17","10.1103/PhysRevB.26.1148","Toronto"
"289","2017-06-08 04:48:36","10.1175/JCLI-D-16-0526.1","Toronto"
"290","2017-05-02 12:02:12","10.1021/la501287v","Toronto"
"291","2017-03-12 16:05:38","10.1038/nmeth.1515","Toronto"
"292","2017-08-06 20:02:17","10.1103/PhysRevB.84.184529","Toronto"
"293","2017-09-07 16:43:06","10.1103/PhysRevB.85.014503","Saint-Quentin"
"294","2017-05-02 06:30:48","10.1021/la500256a","Toronto"
"295","2017-10-01 10:11:09","10.1021/jp051004z","Toronto"
"296","2017-07-17 00:40:08","10.1093/beheco/arx008","Squamish"
"297","2017-09-03 19:24:03","10.2136/sssaj1995.03615995005900050039x","Salmon River"
"298","2017-05-03 08:37:21","10.1021/jp809992g","Toronto"
"299","2017-05-02 22:20:41","10.1149/1.1592373","Calgary"
"300","2017-05-30 19:05:06","10.1038/nature18309","Toronto"
"301","2017-06-03 01:58:41","10.1002/wcc.81","Toronto"
"302","2017-06-28 14:22:00","10.1063/1.4944881","Saint-Quentin"
"303","2017-07-16 10:47:06","10.1002/jcc.24738","Toronto"
"304","2017-08-06 23:30:02","10.1103/PhysRevB.84.184529","Toronto"
"305","2017-08-06 21:28:49","10.1103/PhysRevB.55.3128","Toronto"
"306","2017-05-18 06:55:20","10.1002/dap.30253","Toronto"
"307","2017-10-05 06:22:33","10.1177/109467059800100102","Winnipeg"
"308","2017-04-06 01:36:32","10.1001/archpsyc.1993.01820160076009","Toronto"
"309","2017-01-23 23:46:26","10.2307/1921336","Toronto"
"310","2017-05-03 15:06:58","10.1021/jp809992g","Toronto"
"311","2017-05-03 12:06:44","10.1149/1.2069301","Toronto"
"312","2017-05-03 23:46:19","10.1149/1.2430313","Toronto"
"313","2017-09-07 19:12:05","10.1016/S0016-0032(40)91010-9","Toronto"
"314","2017-05-03 10:10:22","10.1021/jp809992g","Toronto"
"315","2017-05-03 23:46:25","10.1149/1.2430313","Toronto"
"316","2017-09-29 17:20:44","10.1246/cl.1975.849","Toronto"
"317","2017-07-14 04:44:59","10.1614/IPSM-D-15-00005.1","Toronto"
"318","2017-04-09 17:59:01","10.1002/chem.201404383","Toronto"
"319","2017-05-02 06:31:06","10.1021/la500256a","Toronto"
"320","2017-06-19 20:43:15","10.1002/14651858.CD003392.pub2","Boucherville"
"321","2017-08-06 23:02:39","10.1103/PhysRevB.47.14440","Mississauga"
"322","2017-05-18 06:30:38","10.1002/dap.30253","Toronto"
"323","2017-07-03 17:07:57","10.1145/1198555.1198722","Toronto"
"324","2017-06-07 21:46:29","10.1016/0378-7753(93)01835-6","Trois-Rivières"
"325","2017-09-07 07:57:00","10.1149/1.2921540","Toronto"
"326","2017-07-19 15:52:02","10.1525/rep.2009.108.1.1","Toronto"
"327","2017-09-07 23:14:31","10.1080/14786443308648098","Toronto"
"328","2017-09-07 07:10:11","10.1002/dap.30253","Toronto"
"329","2017-12-01 02:14:56","10.1139/f71-253","Baie-Comeau"
"330","2017-02-23 01:40:50","10.1038/nmeth.1515","Toronto"
"331","2017-07-31 13:53:52","10.1002/anie.201605430","Toronto"
"332","2017-05-02 07:26:11","10.1021/la501629n","Toronto"
"333","2017-07-09 08:46:56","10.1063/1.105148","Toronto"
"334","2017-05-18 04:51:24","10.1002/dap.30253","Toronto"
"335","2017-05-02 23:26:55","10.1039/b510365g","Toronto"
"336","2017-09-30 02:27:00","10.1162/isec.23.3.43","Montréal"
"337","2017-05-03 14:40:01","10.1021/jp809992g","Toronto"
"338","2017-09-12 04:10:17","10.1246/bcsj.49.2384","Mississauga"
"339","2017-08-12 22:35:09","10.1063/1.1392379","Toronto"
"340","2017-05-03 20:41:03","10.1002/anie.201605430","Toronto"
"341","2017-05-03 06:36:43","10.1021/jp809992g","Toronto"
"342","2017-09-07 16:03:20","10.1016/S2213-2600(15)00043-0","Perth"
"343","2017-03-24 20:06:01","10.1093/hwj/dbv018","Vancouver"
"344","2017-09-13 03:28:23","10.1162/isec.23.3.43","Montréal"
"345","2017-05-18 08:05:42","10.1002/dap.30253","Toronto"
"346","2017-06-18 03:43:34","10.1093/beheco/arx008","Squamish"
"347","2017-02-24 02:32:57","10.1006/gcen.1994.1160","Moncton"
"348","2017-05-02 23:46:50","10.1149/1.2085905","Toronto"
"349","2017-05-02 06:31:33","10.1021/la500256a","Toronto"
"350","2017-05-18 03:07:02","10.1002/dap.30253","Toronto"
"351","2017-08-12 21:20:54","10.1039/c3tb90082g","Toronto"
"352","2017-03-03 08:24:08","10.1016/S2214-109X(16)30188-7","Montreal"
"353","2017-06-27 19:16:31","10.1093/hwj/dbv018","Toronto"
"354","2017-09-07 22:09:02","10.1021/ed004p84","Toronto"
"355","2017-06-23 06:21:26","10.1016/0006-8993(77)90423-1","Montreal"
"356","2017-09-23 00:34:15","10.1175/JCLI-D-16-0526.1","Markham"
"357","2017-09-07 20:58:27","10.1111/j.1467-8535.2010.01102.x","Toronto"
"358","2017-05-03 23:11:07","10.1149/1.2430313","Toronto"
"359","2017-08-12 19:40:55","10.1002/pen.760280404","Toronto"
"360","2017-06-12 10:12:02","10.1093/beheco/arx008","Squamish"
"361","2017-05-03 22:46:35","10.1149/1.2430313","Toronto"
"362","2017-07-09 08:43:57","10.1063/1.105148","Toronto"
"363","2017-12-06 21:45:34","10.1080/1028415X.2017.1317395","Toronto"
"364","2017-05-21 04:09:44","10.1016/0026-0495(88)90167-9","Toronto"
"365","2017-08-12 23:22:03","10.1002/pen.760280404","Mississauga"
"366","2017-08-22 22:34:46","10.1093/beheco/arx008","Squamish"
"367","2017-06-28 14:35:30","10.1063/1.4944881","Toronto"
"368","2017-05-03 14:55:36","10.1021/jp809992g","Toronto"
"369","2017-05-02 11:15:48","10.1021/la5004484","Toronto"
"370","2017-09-07 19:10:13","10.1016/S0016-0032(40)91010-9","Toronto"
"371","2017-03-21 15:36:17","10.1038/nrm3721","Sherbrooke"
"372","2017-09-12 05:28:42","10.1246/bcsj.29.686","Saint-Quentin"
"373","2017-07-09 09:53:16","10.1149/06411.0255ecst","Toronto"
"374","2017-08-11 13:57:34","10.1038/nri.2015.9","Toronto"
"375","2017-08-11 06:04:57","10.1093/beheco/arx008","Squamish"
"376","2017-02-02 17:13:30","10.3233/BMR-150500","Calgary"
"377","2017-09-07 21:59:40","10.1021/ed006p1797","Toronto"
"378","2017-05-04 00:38:29","10.1149/1.2430313","Toronto"
"379","2017-08-27 11:03:32","10.1145/954587.954588","Montréal"
"380","2017-05-18 03:06:50","10.1002/dap.30253","Toronto"
"381","2017-05-02 07:47:18","10.1021/la500161e","Toronto"
"382","2017-03-02 11:17:52","10.1103/PhysRevLett.98.068103","Diamond City"
"383","2017-09-17 05:28:45","10.1002/pen.24509","Toronto"
"384","2017-05-03 08:35:47","10.1021/jp809992g","Toronto"
"385","2017-05-03 08:19:18","10.1021/jp809992g","Toronto"
"386","2017-05-26 15:54:53","10.1161/CIRCULATIONAHA.107.720300","Toronto"
"387","2017-09-06 08:23:43","10.1246/cl.1986.369","Toronto"
"388","2017-05-03 08:37:07","10.1021/jp809992g","Toronto"
"389","2017-09-07 23:24:19","10.1093/beheco/arx008","Toronto"
"390","2017-08-12 23:21:30","10.1002/pen.760280404","Toronto"
"391","2017-03-20 17:52:37","10.1111/j.1472-8206.2004.00275.x","Toronto"
"392","2017-08-15 05:20:22","10.1016/S0002-9343(99)00261-2","Vancouver"
"393","2017-09-29 15:27:07","10.1021/jp011934s","Toronto"
"394","2017-05-02 22:55:35","10.1039/b510365g","Toronto"
"395","2017-10-01 14:58:47","10.1021/jp9813342","Toronto"
"396","2017-11-15 20:50:45","10.1093/beheco/arx008","Toronto"
"397","2017-07-09 09:30:00","10.1063/1.4913415","Toronto"
"398","2017-07-09 08:27:48","10.1039/C6TA10066J","Toronto"
"399","2017-12-06 22:49:17","10.1080/1028415X.2017.1317395","Prince George"
"400","2017-09-07 17:01:36","10.1103/PhysRevB.85.014503","Toronto"
"401","2017-09-06 14:55:21","10.1016/S2213-2600(15)00043-0","Perth"
"402","2017-07-09 07:14:38","10.1021/j150610a026","Toronto"
"403","2017-05-20 18:06:50","10.1586/17512433.2015.1012494","Toronto"
"404","2017-03-26 06:28:05","10.2307/1547968","Toronto"
"405","2017-03-07 05:38:41","10.1525/rep.2009.108.1.1","Montréal"
"406","2017-09-07 13:29:03","10.1021/j100552a012","Toronto"
"407","2017-05-03 22:11:36","10.1021/ja025109g","Toronto"
"408","2017-08-25 18:12:35","10.1038/nrmicro3028","Perth"
"409","2017-05-03 09:07:16","10.1021/jp809992g","Toronto"
"410","2017-05-15 18:13:20","10.1046/j.1365-2796.2000.00630.x","Toronto"
"411","2017-09-08 16:17:33","10.1038/ni.2032","St. John's"
"412","2017-06-01 16:33:19","10.2307/488622","Montréal"
"413","2017-05-02 23:12:37","10.1039/b510365g","Toronto"
"414","2017-05-03 15:28:03","10.1021/jp809992g","Toronto"
"415","2017-02-24 06:26:34","10.1016/S2214-109X(16)30188-7","Montreal"
"416","2017-08-09 05:21:03","10.1093/beheco/arx008","Squamish"
"417","2017-09-12 00:40:51","10.1246/bcsj.29.686","Toronto"
"418","2017-07-12 05:05:58","10.1093/beheco/arx008","Squamish"
"419","2017-08-26 15:44:50","10.1037/0003-066X.60.6.581","Markham"
"420","2017-05-03 13:33:16","10.1021/jp809992g","Toronto"
"421","2017-01-24 00:47:37","10.2979/victorianstudies.55.3.565","Toronto"
"422","2017-05-03 07:25:26","10.1021/jp809992g","Toronto"
"423","2017-08-06 23:50:14","10.1063/1.454552","Toronto"
"424","2017-05-02 22:36:27","10.1039/C6RA18897D","Toronto"
"425","2017-12-07 01:57:06","10.1080/1028415X.2017.1317395","Port Coquitlam"
"426","2017-05-03 11:06:53","10.1021/jp809992g","Toronto"
"427","2017-05-03 14:13:57","10.1021/jp809992g","Toronto"
"428","2017-05-03 19:19:52","10.1002/anie.201605430","Toronto"
"429","2017-05-03 21:18:25","10.1002/anie.201605430","Toronto"
"430","2017-09-07 15:59:07","10.1063/1.1672915","Toronto"
"431","2017-07-03 12:29:57","10.1017/S1049096516001633","Montréal"
"432","2017-05-03 20:01:22","10.1111/hypa.12327","Waterloo"
"433","2017-05-03 15:27:34","10.1021/jp809992g","Saint-Quentin"
"434","2017-05-03 12:44:48","10.1021/jp809992g","Toronto"
"435","2017-08-06 23:54:56","10.1103/PhysRevB.89.144414","Toronto"
"436","2017-06-11 03:49:15","10.1126/science.aaa9092","Beaconsfield"
"437","2017-07-09 08:42:09","10.1063/1.105148","Saint-Quentin"
"438","2017-05-03 07:59:42","10.1149/1.2069301","Toronto"
"439","2017-05-03 11:06:12","10.1149/1.2069301","Toronto"
"440","2017-05-03 10:20:18","10.1021/jp809992g","Toronto"
"441","2017-06-28 01:47:34","10.1063/1.4944881","Toronto"
"442","2017-03-26 06:26:03","10.2307/1547968","Ville de Québec"
"443","2017-07-09 11:43:28","10.1111/j.1467-8527.2006.339_7.x","Toronto"
"444","2017-05-18 01:59:03","10.1002/dap.30253","Toronto"
"445","2017-05-15 18:17:52","10.1038/nature18309","Toronto"
"446","2017-07-26 04:02:35","10.1017/S1049096516001633","Toronto"
"447","2017-08-15 02:05:09","10.1093/beheco/arx008","Squamish"
"448","2017-05-03 11:06:15","10.1149/1.2069301","Toronto"
"449","2017-09-11 23:14:20","10.1246/cl.1986.369","Toronto"
"450","2017-05-06 15:33:03","10.1016/0026-0495(88)90167-9","Toronto"
"451","2017-05-02 06:30:36","10.1021/la500256a","Toronto"
"452","2017-06-28 01:55:44","10.1063/1.4944881","Toronto"
"453","2017-05-03 12:29:03","10.1021/jp809992g","Toronto"
"454","2017-05-03 15:11:38","10.1149/1.2069301","Toronto"
"455","2017-06-28 01:39:49","10.1063/1.4944881","Toronto"
"456","2017-05-03 07:41:53","10.1021/jp809992g","Toronto"
"457","2017-04-11 18:07:17","10.1016/0026-0495(88)90167-9","Toronto"
"458","2017-09-25 05:41:32","10.1162/isec.23.3.43","Oshawa"
"459","2017-07-01 01:11:39","10.1002/14651858.CD003392.pub2","Boucherville"
"460","2017-05-06 15:33:22","10.1086/302365","Toronto"
"461","2017-05-16 15:26:05","10.1086/302365","Toronto"
"462","2017-10-03 18:48:54","10.1093/beheco/arx008","Vancouver"
"463","2017-07-03 14:45:50","10.1007/s11191-013-9647-9","Toronto"
"464","2017-08-12 22:28:14","10.1063/1.1392379","Toronto"
"465","2017-05-02 22:57:16","10.1039/b510365g","Toronto"
"466","2017-08-06 18:21:55","10.1063/1.454552","Toronto"
"467","2017-09-29 16:31:46","10.1021/jp055225g","Toronto"
"468","2017-01-24 00:43:12","10.2979/victorianstudies.55.3.565","Toronto"
"469","2017-02-26 02:58:27","10.1161/CIRCULATIONAHA.107.720300","Toronto"
"470","2017-09-12 07:01:13","10.1145/954587.954588","Kitchener"
"471","2017-05-03 20:35:17","10.1002/anie.201605430","Toronto"
"472","2017-05-02 07:09:09","10.1021/la5013632","Toronto"
"473","2017-10-04 06:01:16","10.1093/beheco/arx008","Whistler"
"474","2017-10-02 10:43:20","10.1016/S0014-2999(96)00714-5","Toronto"
"475","2017-02-26 20:57:15","10.2307/488622","Montréal"
"476","2017-06-08 06:41:28","10.1175/JCLI-D-16-0526.1","Toronto"
"477","2017-05-03 05:27:27","10.1021/jp809992g","Toronto"
"478","2017-08-28 00:39:19","10.1145/954587.954588","Calgary"
"479","2017-04-11 18:08:55","10.1038/nature18309","Toronto"
"480","2017-05-30 16:55:09","10.1016/0026-0495(88)90167-9","Toronto"
"481","2017-08-12 23:03:14","10.1002/cber.19961290114","Toronto"
"482","2017-05-23 21:07:49","10.1038/nature18309","Toronto"
"483","2017-09-14 14:00:42","10.1145/954587.954588","Kitchener"
"484","2017-05-23 13:06:59","10.1126/science.aaa9092","Beaconsfield"
"485","2017-07-09 09:52:42","10.1149/06411.0255ecst","Toronto"
"486","2017-08-06 23:47:35","10.1063/1.454552","Toronto"
"487","2017-06-19 23:55:07","10.1007/s11191-013-9647-9","Toronto"
"488","2017-08-24 02:42:12","10.1175/JCLI-D-16-0526.1","N/A"
"489","2017-03-17 03:02:23","10.1056/NEJMoa1600869","Toronto"
"490","2017-11-09 03:44:54","10.1093/beheco/arx008","Vancouver"
"491","2017-01-23 21:14:53","10.2307/1920832","Toronto"
"492","2017-03-01 02:34:16","10.1023/A:1021369327584","Brossard"
"493","2017-02-15 00:57:12","10.1021/ie5046395","Saskatoon"
"494","2017-05-02 08:37:57","10.1021/la500876v","Toronto"
"495","2017-06-03 17:50:28","10.1002/wcc.81","Toronto"
"496","2017-07-09 10:20:32","10.1126/science.6879179","Toronto"
"497","2017-07-09 09:40:08","10.1002/14651858.CD003392.pub2","Montréal"
"498","2017-05-02 23:46:32","10.1149/1.2085905","Toronto"
"499","2017-02-13 16:52:38","10.2307/1225645","Montreal"
"500","2017-10-02 12:05:46","10.1016/S0014-2999(96)00714-5","Toronto"
"501","2017-09-18 10:39:34","10.1016/S0014-2999(96)00714-5","Toronto"
"502","2017-05-18 05:57:16","10.1002/dap.30253","Toronto"
"503","2017-04-19 17:27:57","10.1001/archpsyc.1993.01820160076009","Halifax"
"504","2017-07-09 04:06:51","10.1002/14651858.CD003392.pub2","Montréal"
"505","2017-03-01 05:13:58","10.2307/1225645","Montréal"
"506","2017-08-31 18:42:08","10.1038/nrmicro3028","Perth"
"507","2017-05-04 00:22:38","10.1149/1.2430313","Toronto"
"508","2017-03-12 21:04:17","10.1080/09581596.2014.904039","Hamilton"
"509","2017-07-03 11:39:40","10.1145/1198555.1198722","Regina"
"510","2017-04-20 06:35:12","10.1177/0269881110379283","Temiskaming Shores"
"511","2017-11-08 20:03:09","10.1093/beheco/arx008","Toronto"
"512","2017-05-03 02:26:10","10.1149/1.2069301","Toronto"
"513","2017-05-03 11:06:04","10.1021/jp809992g","Toronto"
"514","2017-09-07 22:59:57","10.1080/14786430601032386","Saint-Quentin"
"515","2017-03-02 07:01:12","10.1080/15320380802660214","Ville de Québec"
"516","2017-05-03 09:26:22","10.1149/1.2069301","Toronto"
"517","2017-10-31 00:55:50","10.1093/beheco/arx008","Vancouver"
"518","2017-09-25 19:34:13","10.1145/954587.954588","Woodstock"
"519","2017-03-29 15:04:57","10.1073/pnas.0903485106","Toronto"
"520","2017-06-22 01:46:09","10.1137/120867366","Toronto"
"521","2017-03-11 05:23:58","10.1080/09581596.2014.904039","Bradford West Gwillimbury"
"522","2017-03-14 20:23:27","10.2307/488622","Montréal"
"523","2017-05-10 01:16:01","10.1001/archpsyc.1993.01820160076009","Victoria"
"524","2017-05-03 08:32:34","10.1021/jp809992g","Toronto"
"525","2017-05-03 22:28:29","10.1002/anie.201605430","Toronto"
"526","2017-05-03 19:47:29","10.1002/anie.201605430","Toronto"
"527","2017-03-09 16:42:57","10.1086/302365","Toronto"
"528","2017-05-03 15:27:53","10.1021/jp809992g","Toronto"
"529","2017-06-16 18:10:28","10.1007/s11191-013-9647-9","Toronto"
"530","2017-07-09 08:36:14","10.1103/PhysRevB.26.1148","Toronto"
"531","2017-05-02 22:43:33","10.1039/b509555g","Toronto"
"532","2017-09-12 04:09:36","10.1246/bcsj.20110141","Saint-Quentin"
"533","2017-09-12 05:05:40","10.1246/bcsj.49.2384","Toronto"
"534","2017-08-23 07:22:25","10.1080/14616700802114217","Toronto"
"535","2017-05-03 21:56:37","10.1002/anie.201605430","Toronto"
"536","2017-06-28 14:40:19","10.1063/1.4944881","Toronto"
"537","2017-06-05 06:40:19","10.2307/488622","Montréal"
"538","2017-10-01 13:15:51","10.1021/jp971945e","Toronto"
"539","2017-05-13 21:22:54","10.1038/srep44170","Toronto"
"540","2017-10-06 05:38:26","10.1080/13691058.2016.1191675","Mont-Saint-Hilaire"
"541","2017-05-01 05:57:30","10.1111/j.1472-8206.2004.00275.x","Toronto"
"542","2017-05-02 22:57:23","10.1039/b510365g","Toronto"
"543","2017-07-04 02:56:34","10.1007/s11191-013-9647-9","Toronto"
"544","2017-05-03 10:52:09","10.1021/jp809992g","Toronto"
"545","2017-07-24 04:33:09","10.1002/jcc.24738","Toronto"
"546","2017-02-18 20:29:30","10.1525/rep.2009.108.1.1","Montréal"
"547","2017-08-12 23:54:44","10.1126/science.128.3326.691","Toronto"
"548","2017-05-03 18:52:21","10.1111/hypa.12327","Mississauga"
"549","2017-07-16 20:51:13","10.1246/cl.1983.1897","Mississauga"
"550","2017-09-18 03:29:51","10.1145/954587.954588","Kitchener"
"551","2017-10-01 13:34:46","10.1021/jp971945e","Toronto"
"552","2017-11-03 13:56:47","10.1126/science.aaa9092","Kirkland"
"553","2017-08-06 22:45:28","10.1063/1.2123369","Toronto"
"554","2017-05-02 11:17:58","10.1021/la5004484","Toronto"
"555","2017-07-03 16:54:23","10.1002/14651858.CD003392.pub2","Boucherville"
"556","2017-05-14 19:04:54","10.1161/CIRCULATIONAHA.107.720300","Toronto"
"557","2017-06-21 21:30:47","10.1137/120867366","Woodstock"
"558","2017-05-03 06:23:49","10.1021/jp809992g","Ajax"
"559","2017-05-18 01:59:15","10.1002/dap.30253","Toronto"
"560","2017-05-03 06:49:02","10.1021/jp809992g","Toronto"
"561","2017-05-29 16:51:52","10.1016/S0002-9343(99)00261-2","Toronto"
"562","2017-03-27 17:42:20","10.2337/diacare.21.12.2191","Toronto"
"563","2017-09-07 13:32:01","10.1002/macp.1996.021970104","Toronto"
"564","2017-05-03 11:47:29","10.1021/jp809992g","Toronto"
"565","2017-11-15 06:20:06","10.1126/science.aaa9092","Kirkland"
"566","2017-01-31 16:51:42","10.1002/chem.201404383","Toronto"
"567","2017-05-03 23:46:04","10.1149/1.2430313","Toronto"
"568","2017-03-15 22:22:12","10.1038/nrm3721","Ville de Québec"
"569","2017-08-15 00:34:22","10.1177/1464884913479015","Hamilton"
"570","2017-08-25 15:28:41","10.1002/adma.201700676","Saint-Quentin"
"571","2017-01-23 22:20:09","10.2307/1917139","Toronto"
"572","2017-09-07 16:37:17","10.1103/PhysRevB.85.014503","Saint-Quentin"
"573","2017-10-01 13:52:25","10.1021/jp051004z","Toronto"
"574","2017-08-07 13:07:40","10.1093/beheco/arx008","Squamish"
"575","2017-09-11 23:42:23","10.1246/bcsj.49.2384","Toronto"
"576","2017-08-25 15:48:53","10.1002/adma.201700676","Toronto"
"577","2017-06-28 14:26:50","10.1063/1.4944881","Saint-Quentin"
"578","2017-05-02 12:51:18","10.1021/la501386j","Toronto"
"579","2017-05-03 20:42:25","10.1002/anie.201605430","Toronto"
"580","2017-08-12 19:46:23","10.1037/0003-066X.60.6.581","Montréal"
"581","2017-05-16 15:26:41","10.1111/j.1472-8206.2004.00275.x","Toronto"
"582","2017-05-03 11:55:14","10.1149/1.2069301","Toronto"
"583","2017-10-01 13:39:43","10.1021/jp971945e","Toronto"
"584","2017-05-03 06:56:48","10.1021/jp809992g","Toronto"
"585","2017-05-02 08:03:36","10.1021/la500161e","Toronto"
"586","2017-05-18 04:51:21","10.1002/dap.30253","Toronto"
"587","2017-09-07 22:42:56","10.1080/14786430601032386","Toronto"
"588","2017-08-20 16:50:13","10.1525/rep.2009.108.1.1","Toronto"
"589","2017-05-02 10:30:55","10.1021/la501330j","Toronto"
"590","2017-09-07 22:08:32","10.1021/ed004p84","Toronto"
"591","2017-08-10 20:40:29","10.1037/0003-066X.60.6.581","Edmonton"
"592","2017-05-02 23:44:44","10.1149/1.2085905","Toronto"
"593","2017-05-03 23:11:09","10.1149/1.2430313","Toronto"
"594","2017-05-02 07:06:37","10.1021/la5013632","Toronto"
"595","2017-05-12 16:40:21","10.1525/rep.2009.108.1.1","Montreal"
"596","2017-09-12 04:58:12","10.1246/bcsj.20110141","Toronto"
"597","2017-07-09 09:14:23","10.1063/1.4913415","Mississauga"
"598","2017-05-18 05:03:20","10.1002/dap.30253","Ajax"
"599","2017-09-12 05:28:31","10.1246/bcsj.29.686","Toronto"
"600","2017-03-25 19:30:47","10.1038/srep44170","Toronto"
"601","2017-05-03 20:42:35","10.1002/anie.201605430","Saint-Quentin"
"602","2017-03-15 17:37:30","10.1002/chem.201404383","Toronto"
"603","2017-09-07 21:48:11","10.1021/ed062p542","Toronto"
"604","2017-09-22 03:52:13","10.1093/beheco/arx008","Toronto"
"605","2017-05-18 01:05:50","10.1002/dap.30253","Toronto"
"606","2017-04-30 03:28:40","10.1126/science.aaa9092","Beaconsfield"
"607","2017-05-03 15:12:11","10.1149/1.2069301","Toronto"
"608","2017-05-03 05:50:11","10.1021/jp809992g","Toronto"
"609","2017-05-18 03:08:11","10.1002/dap.30253","Toronto"
"610","2017-05-10 18:56:37","10.1038/srep44170","Toronto"
"611","2017-05-03 09:23:28","10.1021/jp809992g","Toronto"
"612","2017-05-03 23:11:00","10.1149/1.2430313","Toronto"
"613","2017-05-03 13:27:41","10.1021/jp809992g","Toronto"
"614","2017-06-15 02:03:22","10.1007/s10934-017-0373-6","Toronto"
"615","2017-05-18 06:54:47","10.1002/dap.30253","Toronto"
"616","2017-07-04 03:20:37","10.1614/IPSM-D-15-00005.1","Peterborough"
"617","2017-01-24 14:29:02","10.2979/jfolkrese.51.2.125","Toronto"
"618","2017-06-03 01:37:27","10.1002/wcc.81","Toronto"
"619","2017-05-03 07:34:36","10.1149/1.2069301","Toronto"
"620","2017-09-09 17:59:28","10.1093/beheco/arx008","Vancouver"
"621","2017-02-01 08:25:01","10.1525/rep.2009.108.1.1","Montréal"
"622","2017-07-09 09:21:56","10.1063/1.4913415","Toronto"
"623","2017-05-02 08:37:51","10.1021/la500876v","Toronto"
"624","2017-05-02 22:36:16","10.1039/C6RA18897D","Toronto"
"625","2017-09-26 04:16:02","10.1162/isec.23.3.43","Oshawa"
"626","2017-09-12 05:32:18","10.1246/bcsj.29.686","Toronto"
"627","2017-05-03 12:18:33","10.1149/1.2069301","Toronto"
"628","2017-05-03 03:25:17","10.1149/1.2069301","Toronto"
"629","2017-05-03 08:25:38","10.1021/jp809992g","Toronto"
"630","2017-01-23 23:12:17","10.2979/vic.2010.52.2.337","Toronto"
"631","2017-03-14 16:21:22","10.1525/rep.2009.108.1.1","Montréal"
"632","2017-09-12 00:52:58","10.1246/bcsj.49.2384","Toronto"
"633","2017-03-01 03:02:04","10.1023/A:1021369327584","Orangeville"
"634","2017-05-03 09:51:21","10.1149/1.2069301","Toronto"
"635","2017-05-03 08:40:57","10.1021/jp809992g","Toronto"
"636","2017-07-09 07:17:31","10.1126/science.6879179","Toronto"
"637","2017-05-03 14:00:26","10.1021/jp809992g","Toronto"
"638","2017-05-03 10:14:28","10.1021/jp501722z","Toronto"
"639","2017-06-07 17:10:47","10.1175/JCLI-D-16-0526.1","Calgary"
"640","2017-09-23 15:12:00","10.1038/ni.2032","St. John's"
"641","2017-06-22 15:43:21","10.1126/science.aaa9092","Beaconsfield"
"642","2017-09-07 18:27:34","10.1002/macp.201090020","Saint-Quentin"
"643","2017-07-22 19:57:38","10.1093/beheco/arx008","Squamish"
"644","2017-06-15 20:11:58","10.1002/14651858.CD003392.pub2","Boucherville"
"645","2017-05-03 23:28:24","10.1149/1.2430313","Toronto"
"646","2017-05-03 19:27:08","10.1002/anie.201605430","Toronto"
"647","2017-05-02 09:11:29","10.1021/la501183f","Toronto"
"648","2017-02-25 07:37:48","10.1073/pnas.0903485106","Toronto"
"649","2017-03-26 05:15:35","10.2307/1547968","Port Coquitlam"
"650","2017-05-02 21:57:46","10.1039/b509554a","Toronto"
"651","2017-05-03 09:39:21","10.1149/1.2069301","Toronto"
"652","2017-05-03 14:58:25","10.1021/jp809992g","Toronto"
"653","2017-09-30 11:05:39","10.1246/bcsj.62.2307","Toronto"
"654","2017-05-03 09:42:55","10.1021/jp501722z","Toronto"
"655","2017-05-03 21:38:21","10.1021/cm301772p","Toronto"
"656","2017-08-29 04:16:26","10.1145/954587.954588","Kitchener"
"657","2017-08-06 20:38:24","10.1063/1.454552","Toronto"
"658","2017-06-25 14:23:56","10.1586/17512433.2015.1012494","Toronto"
"659","2017-07-09 10:43:04","10.1126/science.197.4307.967","Burnaby"
"660","2017-05-21 04:08:07","10.1074/jbc.R300017200","Toronto"
"661","2017-05-18 03:21:17","10.1002/dap.30253","Toronto"
"662","2017-07-01 20:50:28","10.1002/14651858.CD003392.pub2","Boucherville"
"663","2017-02-22 17:16:33","10.1046/j.1439-0442.2001.00393.x","Toronto"
"664","2017-03-07 17:14:44","10.2989/SALALS.2008.26.2.8.572","Ville de Québec"
"665","2017-08-06 23:51:21","10.1063/1.454552","Saint-Quentin"
"666","2017-08-07 21:52:36","10.1093/beheco/arx008","Squamish"
"667","2017-05-30 07:28:23","10.1093/hwj/dbv018","Edmonton"
"668","2017-04-06 15:14:07","10.1038/nature18309","Toronto"
"669","2017-05-02 06:50:29","10.1021/la5009347","Toronto"
"670","2017-05-18 04:51:08","10.1002/dap.30253","Toronto"
"671","2017-09-07 19:06:18","10.1016/S0016-0032(40)91010-9","Toronto"
"672","2017-03-26 16:48:10","10.2307/1547968","Toronto"
"673","2017-07-09 08:51:24","10.1063/1.4942393","Toronto"
"674","2017-07-09 08:32:08","10.1021/j150610a026","Toronto"
"675","2017-08-07 22:24:33","10.1037/a0017364","Montreal"
"676","2017-09-12 05:24:35","10.1246/bcsj.29.686","Toronto"
"677","2017-08-07 06:08:00","10.1093/beheco/arx008","Squamish"
"678","2017-05-05 02:17:42","10.1111/hypa.12327","Toronto"
"679","2017-05-03 12:00:57","10.1021/jp809992g","Toronto"
"680","2017-05-18 05:57:31","10.1002/dap.30253","Toronto"
"681","2017-05-02 17:59:09","10.1016/0026-0495(88)90167-9","Toronto"
"682","2017-05-03 12:44:49","10.1021/jp809992g","Toronto"
"683","2017-08-06 18:19:09","10.1103/PhysRevB.55.3128","Toronto"
"684","2017-05-27 15:35:27","10.1126/science.aaa9092","Beaconsfield"
"685","2017-07-21 16:20:54","10.1017/S1049096516001633","Ottawa"
"686","2017-08-06 23:52:04","10.1103/PhysRevB.89.144414","Toronto"
"687","2017-05-02 10:30:05","10.1021/la501330j","Toronto"
"688","2017-04-19 14:33:17","10.1086/302365","Toronto"
"689","2017-09-30 16:08:46","10.1002/jcc.24738","Toronto"
"690","2017-09-07 16:32:03","10.1063/1.107646","Toronto"
"691","2017-05-03 13:41:47","10.1021/jp501722z","Toronto"
"692","2017-07-26 16:10:31","10.1126/science.aaa9092","Saguenay"
"693","2017-04-16 22:10:37","10.1111/j.1472-8206.2004.00275.x","Toronto"
"694","2017-05-18 01:06:02","10.1002/dap.30253","Toronto"
"695","2017-09-29 16:18:48","10.1021/jp011934s","Burnaby"
"696","2017-04-20 19:39:43","10.1525/rep.2009.108.1.76","Ville de Québec"
"697","2017-05-03 19:49:09","10.1021/cm302027s","Toronto"
"698","2017-07-03 17:13:18","10.1145/1198555.1198722","N/A"
"699","2017-07-09 10:12:03","10.1002/sia.6139","Toronto"
"700","2017-08-12 22:52:28","10.1002/cber.19961290114","Toronto"
"701","2017-03-22 17:21:16","10.2337/diacare.21.12.2191","Toronto"
"702","2017-08-12 23:49:10","10.1126/science.128.3326.691","Toronto"
"703","2017-08-12 19:47:11","10.1063/1.1392379","Toronto"
"704","2017-01-24 14:29:31","10.2979/jfolkrese.51.2.125","Toronto"
"705","2017-05-13 08:24:21","10.1093/beheco/arx008","Squamish"
"706","2017-05-18 03:05:47","10.1002/dap.30253","Toronto"
"707","2017-02-16 18:04:22","10.1046/j.1439-0442.2001.00393.x","Toronto"
"708","2017-11-03 17:44:51","10.1093/beheco/arx008","Toronto"
"709","2017-05-18 02:41:53","10.1002/dap.30253","Toronto"
"710","2017-02-25 07:38:44","10.1046/j.1439-0442.2001.00393.x","Toronto"
"711","2017-05-02 22:57:36","10.1039/b510365g","Toronto"
"712","2017-05-02 21:57:56","10.1039/b509554a","Toronto"
"713","2017-02-17 00:03:43","10.1525/rep.2009.108.1.76","Montréal"
"714","2017-04-18 16:45:50","10.1002/chem.201404383","Toronto"
"715","2017-05-03 07:53:46","10.1021/jp809992g","Toronto"
"716","2017-05-03 03:35:21","10.1149/1.2069301","Toronto"
"717","2017-06-07 14:51:48","10.1080/14616700802114217","Montréal"
"718","2017-03-01 02:35:54","10.1023/A:1021369327584","Edmonton"
"719","2017-08-12 23:45:14","10.1126/science.128.3326.691","Mississauga"
"720","2017-07-10 21:40:00","10.1002/14651858.CD003392.pub2","Montréal"
"721","2017-06-09 17:57:21","10.1525/rep.2009.108.1.76","Châteauguay"
"722","2017-05-03 05:41:43","10.1149/1.2069301","Toronto"
"723","2017-05-02 23:55:48","10.1021/jp501892x","Toronto"
"724","2017-06-14 14:40:53","10.1080/14616700802114217","Montréal"
"725","2017-08-12 23:10:17","10.1002/pen.760280404","Saint-Quentin"
"726","2017-05-02 22:14:21","10.1039/b509554a","Toronto"
"727","2017-08-02 05:20:55","10.1080/13691058.2016.1191675","Toronto"
"728","2017-08-06 22:48:21","10.1063/1.2123369","Mississauga"
"729","2017-05-03 10:20:00","10.1021/jp809992g","Toronto"
"730","2017-07-09 05:05:39","10.1093/beheco/arx008","Squamish"
"731","2017-07-09 10:49:38","10.1126/science.197.4307.967","Toronto"
"732","2017-09-07 20:34:22","10.1126/science.9.223.511","Toronto"
"733","2017-05-04 16:37:23","10.1038/srep44170","Toronto"
"734","2017-02-09 15:22:48","10.1080/14616700802114217","Montréal"
"735","2017-09-07 18:42:55","10.1149/1.2921540","Toronto"
"736","2017-04-15 16:23:49","10.1111/j.1472-8206.2004.00275.x","Toronto"
"737","2017-03-12 21:17:54","10.1080/09581596.2014.904039","Hamilton"
"738","2017-05-03 21:13:46","10.1002/anie.201605430","Toronto"
"739","2017-07-30 09:47:53","10.1080/13691058.2016.1191675","Toronto"
"740","2017-05-27 21:59:35","10.1126/science.aaa9092","Beaconsfield"
"741","2017-05-03 11:06:14","10.1021/jp809992g","Toronto"
"742","2017-01-31 22:22:00","10.1161/CIRCULATIONAHA.107.720300","Toronto"
"743","2017-05-03 09:07:17","10.1021/jp809992g","Toronto"
"744","2017-06-20 17:13:39","10.1093/beheco/arx008","Squamish"
"745","2017-03-26 04:28:11","10.2307/1547968","Cochrane"
"746","2017-05-14 19:08:55","10.1074/jbc.R300017200","Toronto"
"747","2017-08-06 23:08:43","10.1103/PhysRevB.47.14440","Toronto"
"748","2017-08-06 20:15:52","10.1103/PhysRevB.89.144414","Toronto"
"749","2017-05-18 05:32:36","10.1002/dap.30253","Toronto"
"750","2017-01-23 22:02:50","10.2307/1918690","Toronto"
"751","2017-07-09 11:01:01","10.1039/C6TA10066J","Toronto"
"752","2017-08-26 13:39:59","10.1145/954587.954588","Kitchener"
"753","2017-01-23 22:03:51","10.2307/1918690","Toronto"
"754","2017-05-02 21:57:42","10.1039/b509554a","Toronto"
"755","2017-05-02 21:59:24","10.1039/b509554a","Toronto"
"756","2017-09-12 02:49:54","10.1002/pen.24509","Toronto"
"757","2017-06-11 04:35:57","10.1002/wcc.81","Montreal"
"758","2017-05-03 14:09:40","10.1149/1.2069301","Toronto"
"759","2017-07-09 10:13:07","10.1002/sia.6139","Mississauga"
"760","2017-08-12 05:29:46","10.1037/0003-066X.60.6.581","Brantford"
"761","2017-04-05 12:27:20","10.1001/archpsyc.1993.01820160076009","Sherwood Park"
"762","2017-05-02 09:58:44","10.1021/la501330j","Toronto"
"763","2017-08-15 23:39:10","10.1037/0003-066X.60.6.581","Kitchener"
"764","2017-02-23 19:16:57","10.1086/302365","Toronto"
"765","2017-07-09 07:22:06","10.1021/j150610a026","Toronto"
"766","2017-05-03 12:55:55","10.1149/1.2069301","Toronto"
"767","2017-09-07 15:18:13","10.1021/j100552a012","Toronto"
"768","2017-06-04 04:22:18","10.1002/wcc.81","Montreal"
"769","2017-05-03 11:54:22","10.1021/jp809992g","Toronto"
"770","2017-05-03 21:56:27","10.1002/anie.201605430","Toronto"
"771","2017-05-02 23:25:50","10.1039/C6RA18897D","Toronto"
"772","2017-01-21 07:34:41","10.1007/s00253-011-3455-4","Toronto"
"773","2017-06-25 14:21:16","10.1074/jbc.R300017200","Toronto"
"774","2017-08-13 09:10:48","10.1093/beheco/arx008","Squamish"
"775","2017-06-02 22:11:28","10.1006/gcen.1994.1160","Baddeck"
"776","2017-04-17 19:04:39","10.1023/A:1026324703410","Toronto"
"777","2017-01-30 02:53:48","10.1007/s00253-011-3455-4","Toronto"
"778","2017-05-12 15:34:24","10.1056/NEJMoa1600869","Toronto"
"779","2017-05-03 23:01:56","10.1149/1.2430313","Toronto"
"780","2017-09-07 13:27:09","10.1002/macp.1996.021970104","Saint-Quentin"
"781","2017-01-20 20:20:49","10.1007/s00253-011-3455-4","Saskatoon"
"782","2017-05-03 06:06:47","10.1021/jp809992g","Saint-Quentin"
"783","2017-07-09 07:22:33","10.1149/06411.0255ecst","Toronto"
"784","2017-08-06 20:52:00","10.1103/PhysRevB.84.184529","Toronto"
"785","2017-05-03 09:23:58","10.1021/jp809992g","Saint-Quentin"
"786","2017-08-06 23:45:50","10.1103/PhysRevB.84.184529","Toronto"
"787","2017-09-07 21:32:05","10.1002/smj.1995","Toronto"
"788","2017-05-03 21:47:39","10.1021/ja025109g","Toronto"
"789","2017-03-27 00:08:05","10.1038/nrm3721","Ville de Québec"
"790","2017-11-06 19:58:05","10.1093/beheco/arx008","Vancouver"
"791","2017-09-12 07:12:29","10.1162/isec.23.3.43","Montréal"
"792","2017-06-18 13:23:41","10.1126/science.aaa9092","Beaconsfield"
"793","2017-05-03 06:06:03","10.1021/jp809992g","Toronto"
"794","2017-08-18 22:02:05","10.1093/beheco/arx008","Squamish"
"795","2017-05-02 10:47:02","10.1021/la5012499","Toronto"
"796","2017-03-17 20:44:16","10.1525/rep.2009.108.1.1","Montréal"
"797","2017-11-01 02:29:14","10.1093/beheco/arx008","Toronto"
"798","2017-05-04 00:39:10","10.1149/1.2430313","Toronto"
"799","2017-06-05 01:40:34","10.1002/14651858.CD003392.pub2","Boucherville"
"800","2017-07-09 10:59:22","10.1039/C6TA10066J","Toronto"
"801","2017-09-11 15:49:45","10.1246/cl.1986.369","Toronto"
"802","2017-08-12 22:25:41","10.1063/1.1392379","Toronto"
"803","2017-07-09 09:46:20","10.1002/cber.19921250719","Toronto"
"804","2017-06-21 18:01:56","10.1137/120867366","Kentville"
"805","2017-09-14 16:49:57","10.1093/beheco/arx008","Vancouver"
"806","2017-07-09 23:02:55","10.1093/beheco/arx008","Squamish"
"807","2017-07-11 01:17:07","10.1002/14651858.CD003392.pub2","Montréal"
"808","2017-05-03 10:52:54","10.1149/1.2069301","Toronto"
"809","2017-05-02 06:10:55","10.1021/la5013395","Toronto"
"810","2017-05-04 16:41:08","10.1002/chem.201404383","Toronto"
"811","2017-05-02 06:51:53","10.1021/la5009347","Toronto"
"812","2017-08-08 06:34:01","10.1037/a0017364","North Vancouver"
"813","2017-09-12 04:16:20","10.1002/pen.24509","Toronto"
"814","2017-04-07 18:21:10","10.1023/A:1026324703410","Toronto"
"815","2017-09-07 12:06:13","10.1246/cl.1983.1897","Toronto"
"816","2017-05-03 23:46:28","10.1149/1.2430313","Saint-Quentin"
"817","2017-05-03 07:41:36","10.1021/jp809992g","Toronto"
"818","2017-05-03 14:40:00","10.1021/jp809992g","Toronto"
"819","2017-05-03 06:19:41","10.1021/jp809992g","Toronto"
"820","2017-07-15 20:10:13","10.1007/s11191-013-9647-9","Toronto"
"821","2017-05-18 01:14:41","10.1002/dap.30253","Toronto"
"822","2017-05-02 10:46:20","10.1021/la5012499","Toronto"
"823","2017-07-21 00:30:15","10.2307/3517003","Richmond"
"824","2017-03-02 17:22:09","10.2514/1.T4562","Ville de Québec"
"825","2017-05-03 22:28:11","10.1002/anie.201605430","Toronto"
"826","2017-06-28 14:26:26","10.1063/1.4944881","Toronto"
"827","2017-09-29 16:30:56","10.1021/jp055225g","Toronto"
"828","2017-06-07 22:11:15","10.1007/s11191-013-9647-9","Toronto"
"829","2017-03-02 18:54:45","10.2514/1.T4562","Ville de Québec"
"830","2017-05-02 09:41:07","10.1021/la501622t","Toronto"
"831","2017-07-09 09:40:56","10.1002/cber.19921250719","Toronto"
"832","2017-03-10 15:30:06","10.1073/pnas.0903485106","Toronto"
"833","2017-05-03 13:57:18","10.1149/1.2069301","Toronto"
"834","2017-05-03 06:02:17","10.1021/jp809992g","Toronto"
"835","2017-01-23 23:29:27","10.2307/1918842","Toronto"
"836","2017-09-07 09:35:19","10.1021/j100552a012","Toronto"
"837","2017-09-12 04:53:51","10.1246/bcsj.20110141","Toronto"
"838","2017-09-07 15:16:36","10.1021/j100552a012","Toronto"
"839","2017-09-12 05:27:37","10.1246/bcsj.29.686","Toronto"
"840","2017-05-06 07:36:02","10.1111/hypa.12327","Victoria"
"841","2017-03-01 02:08:30","10.1023/A:1021369327584","Toronto"
"842","2017-05-18 03:07:30","10.1002/dap.30253","Saint-Quentin"
"843","2017-06-29 04:40:23","10.1007/s11191-013-9647-9","Toronto"
"844","2017-05-02 06:50:49","10.1021/la5009347","Toronto"
"845","2017-09-11 22:56:39","10.1246/cl.1986.369","Toronto"
"846","2017-09-07 08:09:28","10.1149/1.2921540","Toronto"
"847","2017-05-03 22:11:11","10.1021/ja025109g","Toronto"
"848","2017-07-23 23:58:29","10.1002/14651858.CD003392.pub2","Sainte-Adèle"
"849","2017-05-03 14:14:17","10.1021/jp809992g","Toronto"
"850","2017-07-13 01:37:53","10.1002/14651858.CD003392.pub2","Montréal"
"851","2017-03-26 12:42:02","10.2307/1547968","North Vancouver"
"852","2017-07-09 08:47:07","10.1063/1.105148","Toronto"
"853","2017-09-15 20:25:40","10.1145/954587.954588","Woodstock"
"854","2017-07-09 08:22:43","10.1002/cber.19921250719","Toronto"
"855","2017-05-18 06:54:35","10.1002/dap.30253","Toronto"
"856","2017-02-22 07:02:43","10.1103/PhysRevLett.98.068103","Lethbridge"
"857","2017-05-03 14:59:57","10.1021/jp809992g","Toronto"
"858","2017-05-03 05:27:21","10.1021/jp809992g","Toronto"
"859","2017-02-12 20:11:46","10.1161/CIRCULATIONAHA.107.720300","Toronto"
"860","2017-01-23 21:12:37","10.2307/1920832","Toronto"
"861","2017-06-22 01:17:17","10.1137/120867366","Halifax"
"862","2017-03-26 06:17:06","10.2307/1547968","Vancouver"
"863","2017-05-03 09:01:02","10.1149/1.2069301","Toronto"
"864","2017-05-03 21:18:43","10.1002/anie.201605430","Toronto"
"865","2017-05-02 10:12:28","10.1021/la501330j","Toronto"
"866","2017-03-23 18:21:34","10.1038/nature18309","Toronto"
"867","2017-05-03 03:10:27","10.1149/1.2069301","Toronto"
"868","2017-09-20 09:08:02","10.1145/954587.954588","Kitchener"
"869","2017-05-03 22:08:05","10.1002/anie.201605430","Ajax"
"870","2017-05-02 22:27:21","10.1039/b509555g","Toronto"
"871","2017-06-09 01:22:54","10.1093/beheco/arx008","Squamish"
"872","2017-08-17 07:17:18","10.1080/14616700802114217","Toronto"
"873","2017-09-07 17:25:15","10.1246/cl.1983.1897","Toronto"
"874","2017-05-02 12:19:27","10.1021/la501287v","Toronto"
"875","2017-06-05 23:28:38","10.1002/14651858.CD003392.pub2","Boucherville"
"876","2017-04-20 01:12:10","10.1525/rep.2009.108.1.1","Montréal"
"877","2017-10-01 15:07:06","10.1021/jp9813342","Toronto"
"878","2017-09-07 14:33:21","10.1103/PhysRevB.85.014503","Toronto"
"879","2017-08-09 13:14:25","10.1037/0003-066X.60.6.581","Montréal"
"880","2017-04-09 17:57:00","10.1023/A:1026324703410","Toronto"
"881","2017-05-03 22:46:34","10.1149/1.2430313","Toronto"
"882","2017-06-18 18:10:30","10.1093/beheco/arx008","Squamish"
"883","2017-06-09 03:34:49","10.1007/s11191-013-9647-9","Toronto"
"884","2017-05-18 05:55:02","10.1002/dap.30253","Ajax"
"885","2017-01-23 21:10:07","10.2307/1920832","Toronto"
"886","2017-05-02 21:57:48","10.1039/b509554a","Toronto"
"887","2017-02-19 17:06:50","10.1086/302365","Toronto"
"888","2017-08-05 21:29:18","10.1093/beheco/arx008","Squamish"
"889","2017-08-17 23:45:48","10.1175/JCLI-D-16-0526.1","Kelowna"
"890","2017-10-01 13:10:21","10.1021/jp971945e","Mississauga"
"891","2017-06-26 00:43:50","10.1007/s11191-013-9647-9","Toronto"
"892","2017-09-24 16:05:13","10.1067/mhl.2002.122821","Toronto"
"893","2017-06-11 18:03:08","10.1002/14651858.CD003392.pub2","Montréal"
"894","2017-08-12 23:14:04","10.1002/pen.760280404","Toronto"
"895","2017-05-03 13:12:49","10.1021/jp809992g","Ajax"
"896","2017-07-03 16:53:36","10.1145/1198555.1198722","Toronto"
"897","2017-05-18 03:57:57","10.1002/dap.30253","Toronto"
"898","2017-09-24 01:29:12","10.1162/isec.23.3.43","Oshawa"
"899","2017-09-07 20:58:43","10.1111/j.1467-8535.2010.01102.x","Toronto"
"900","2017-03-12 22:30:33","10.1080/09581596.2014.904039","Hamilton"
"901","2017-05-16 08:32:58","10.1177/0269881110379283","Timmins"
"902","2017-07-27 15:53:30","10.1177/1464884913479015","Hamilton"
"903","2017-08-13 21:02:49","10.1038/nri.2015.9","Toronto"
"904","2017-07-09 10:54:56","10.1126/science.197.4307.967","Toronto"
"905","2017-07-09 08:43:25","10.1063/1.105148","Toronto"
"906","2017-07-31 18:46:00","10.1103/PhysRevLett.98.068103","Lethbridge"
"907","2017-06-05 15:26:03","10.1002/wcc.81","Toronto"
"908","2017-05-03 10:51:52","10.1021/jp809992g","Toronto"
"909","2017-11-18 07:54:44","10.1080/13691058.2016.1191675","Montréal"
"910","2017-06-21 19:49:33","10.1007/s11191-013-9647-9","Toronto"
"911","2017-06-15 01:59:40","10.1007/s10934-017-0373-6","Toronto"
"912","2017-09-07 23:11:45","10.1080/14786443308648098","Mississauga"
"913","2017-03-05 17:21:49","10.1056/NEJMoa1600869","Toronto"
"914","2017-05-03 07:25:53","10.1021/jp809992g","Toronto"
"915","2017-01-25 16:06:43","10.2307/488622","Montréal"
"916","2017-05-02 11:15:46","10.1021/la5004484","Toronto"
"917","2017-05-04 00:39:04","10.1149/1.2430313","Toronto"
"918","2017-05-18 01:12:49","10.1002/dap.30253","Toronto"
"919","2017-09-07 18:22:13","10.1002/macp.201090020","Toronto"
"920","2017-01-19 20:43:50","10.1161/CIRCULATIONAHA.107.720300","Toronto"
"921","2017-05-03 12:44:50","10.1021/jp809992g","Toronto"
"922","2017-05-02 22:10:01","10.1039/C6RA18897D","Toronto"
"923","2017-05-03 07:41:08","10.1021/jp809992g","Toronto"
"924","2017-06-19 18:07:51","10.1093/beheco/arx008","Squamish"
"925","2017-05-03 14:14:45","10.1021/jp809992g","Saint-Quentin"
"926","2017-05-18 03:58:32","10.1002/dap.30253","Toronto"
"927","2017-08-25 04:16:08","10.1093/beheco/arx008","Squamish"
"928","2017-07-09 08:32:06","10.1021/j150610a026","Toronto"
"929","2017-05-03 14:29:28","10.1021/jp809992g","Ajax"
"930","2017-05-18 07:41:45","10.1002/dap.30253","Toronto"
"931","2017-07-09 09:13:01","10.1063/1.4913415","Toronto"
"932","2017-07-09 09:29:46","10.1063/1.4913415","Toronto"
"933","2017-08-26 00:22:05","10.1145/954587.954588","Montreal"
"934","2017-05-02 11:01:51","10.1021/la5012499","Toronto"
"935","2017-07-12 19:07:37","10.1093/beheco/arx008","Squamish"
"936","2017-03-26 12:15:54","10.2307/1547968","Longueuil"
"937","2017-03-26 06:19:00","10.2307/1547968","Winnipeg"
"938","2017-05-03 08:01:41","10.1021/jp809992g","Ajax"
"939","2017-05-03 08:32:33","10.1021/jp809992g","Toronto"
"940","2017-09-12 02:27:45","10.1246/bcsj.49.2384","Toronto"
"941","2017-07-05 18:11:32","10.1007/s11191-013-9647-9","Toronto"
"942","2017-05-03 21:52:31","10.1021/cm301772p","Toronto"
"943","2017-05-03 19:48:51","10.1021/cm302027s","Toronto"
"944","2017-07-22 23:41:01","10.1017/S0033291715002317","Mississauga"
"945","2017-05-03 09:07:23","10.1021/jp809992g","Toronto"
"946","2017-05-03 06:06:27","10.1021/jp809992g","Toronto"
"947","2017-06-18 01:29:42","10.1093/beheco/arx008","Squamish"
"948","2017-05-03 11:06:06","10.1149/1.2069301","Toronto"
"949","2017-07-15 08:05:23","10.1093/beheco/arx008","Squamish"
"950","2017-05-02 23:26:18","10.1039/C6RA18897D","Toronto"
"951","2017-01-24 11:31:53","10.2979/jfolkrese.51.2.125","Toronto"
"952","2017-03-14 00:18:48","10.1080/09581596.2014.904039","Bradford West Gwillimbury"
"953","2017-05-03 22:11:15","10.1021/ja025109g","Toronto"
"954","2017-05-03 13:31:29","10.1021/jp809992g","Toronto"
"955","2017-03-26 07:36:59","10.2307/1547968","Moncton"
"956","2017-09-12 02:57:02","10.1002/pen.24509","Toronto"
"957","2017-07-03 16:03:05","10.1145/1198555.1198722","Toronto"
"958","2017-09-07 12:06:49","10.1002/macp.1996.021970104","Toronto"
"959","2017-09-12 05:06:49","10.1246/bcsj.49.2384","Toronto"
"960","2017-05-03 19:15:29","10.1002/anie.201605430","Toronto"
"961","2017-09-12 13:56:23","10.1145/954587.954588","Kitchener"
"962","2017-05-03 19:58:13","10.1002/anie.201605430","Saint-Quentin"
"963","2017-05-18 01:58:04","10.1002/dap.30253","Toronto"
"964","2017-09-09 15:37:55","10.1145/954587.954588","Kitchener"
"965","2017-05-02 08:35:51","10.1021/la500876v","Toronto"
"966","2017-05-03 22:08:05","10.1021/ja025109g","Ajax"
"967","2017-05-03 09:26:32","10.1149/1.2069301","Toronto"
"968","2017-08-23 01:40:13","10.1093/beheco/arx008","Squamish"
"969","2017-05-15 20:40:05","10.1149/1.1592373","Calgary"
"970","2017-09-29 16:40:25","10.1021/jp055225g","Toronto"
"971","2017-09-24 06:56:08","10.1038/nrmicro3028","Perth"
"972","2017-02-18 08:36:09","10.1021/ie5046395","Toronto"
"973","2017-05-03 21:46:45","10.1021/ja025109g","Toronto"
"974","2017-03-27 13:29:59","10.2307/1547968","New Westminster"
"975","2017-05-13 00:29:16","10.1038/nchembio.2188","Hamilton"
"976","2017-05-02 10:14:19","10.1021/la501330j","Toronto"
"977","2017-10-06 00:32:13","10.1126/science.aaa9092","Vaudreuil-Dorion"
"978","2017-05-03 06:56:53","10.1149/1.2069301","Toronto"
"979","2017-09-12 04:44:25","10.1246/bcsj.20110141","Toronto"
"980","2017-05-02 21:58:08","10.1039/b509554a","Toronto"
"981","2017-04-18 06:21:04","10.1080/13691058.2016.1191675","Montréal"
"982","2017-11-03 21:00:51","10.1177/109467059800100102","Montréal"
"983","2017-05-22 22:11:37","10.1126/science.aaa9092","Beaconsfield"
"984","2017-05-18 09:47:54","10.1001/archpsyc.1993.01820160076009","Victoria"
"985","2017-01-23 23:13:07","10.2979/vic.2010.52.2.337","Toronto"
"986","2017-07-27 22:11:03","10.1126/science.aaa9092","Montréal"
"987","2017-03-03 16:09:03","10.1525/rep.2009.108.1.1","Montréal"
"988","2017-05-26 02:30:30","10.2307/488622","Montreal"
"989","2017-05-17 04:22:41","10.1525/rep.2009.108.1.1","Montréal"
"990","2017-07-09 08:01:30","10.1126/science.197.4307.967","Toronto"
"991","2017-06-09 21:29:27","10.1093/beheco/arx008","Squamish"
"992","2017-05-03 12:01:01","10.1021/jp809992g","Toronto"
"993","2017-07-27 20:13:56","10.1614/IPSM-D-15-00005.1","Peterborough"
"994","2017-05-03 23:46:23","10.1149/1.2430313","Toronto"
"995","2017-03-14 16:22:56","10.2307/1225645","Montréal"
"996","2017-09-07 14:02:35","10.1111/j.1467-8535.2010.01102.x","Toronto"
"997","2017-05-01 17:43:45","10.1002/chem.201404383","Toronto"
"998","2017-08-30 20:40:46","10.2307/131485","Toronto"
"999","2017-01-28 08:29:34","10.1007/s00253-011-3455-4","Toronto"
"1000","2017-05-03 06:56:51","10.1149/1.2069301","Toronto"
